rebalance_date,turnover_one_way,is_initial_rebalance,strategy
2019-01-01,0.0,True,minvar_baseline_corrected
2019-02-01,0.017239902497592732,False,minvar_baseline_corrected
2019-03-01,0.009774552245877238,False,minvar_baseline_corrected
2019-04-01,0.016972178950554626,False,minvar_baseline_corrected
2019-05-01,0.013687831870597293,False,minvar_baseline_corrected
2019-06-03,0.022578431278067232,False,minvar_baseline_corrected
2019-07-01,0.014972096294060464,False,minvar_baseline_corrected
2019-08-01,0.005407300325002029,False,minvar_baseline_corrected
2019-09-02,0.03887985319131537,False,minvar_baseline_corrected
2019-10-01,0.01941515616849313,False,minvar_baseline_corrected
2019-11-01,0.014402062908502157,False,minvar_baseline_corrected
2019-12-02,0.028387778660842633,False,minvar_baseline_corrected
2020-01-01,0.07417011611037742,False,minvar_baseline_corrected
2020-02-03,0.02950157798517772,False,minvar_baseline_corrected
2020-03-02,0.054779311176414505,False,minvar_baseline_corrected
2020-04-01,0.24326065693740473,False,minvar_baseline_corrected
2020-05-01,0.0797664074920334,False,minvar_baseline_corrected
2020-06-01,0.015456929988483215,False,minvar_baseline_corrected
2020-07-01,0.030534954639086676,False,minvar_baseline_corrected
2020-08-03,0.016518290567067374,False,minvar_baseline_corrected
2020-09-01,0.09183160272817678,False,minvar_baseline_corrected
2020-10-01,0.012929537737020599,False,minvar_baseline_corrected
2020-11-02,0.005703828513915436,False,minvar_baseline_corrected
2020-12-01,0.026262264067068712,False,minvar_baseline_corrected
2021-01-01,0.01481047010684049,False,minvar_baseline_corrected
2021-02-01,0.0052001170015349004,False,minvar_baseline_corrected
2021-03-01,0.019069629247999795,False,minvar_baseline_corrected
2021-04-01,0.04904914517441909,False,minvar_baseline_corrected
2021-05-03,0.0050475686481349135,False,minvar_baseline_corrected
2021-06-01,0.01505146003891007,False,minvar_baseline_corrected
2021-07-01,0.021963934810531445,False,minvar_baseline_corrected
2021-08-02,0.0027290063587017506,False,minvar_baseline_corrected
2021-09-01,0.007202668430581906,False,minvar_baseline_corrected
2021-10-01,0.004203550114470556,False,minvar_baseline_corrected
2021-11-01,0.010975975973293453,False,minvar_baseline_corrected
2021-12-01,0.009307680250824488,False,minvar_baseline_corrected
2022-01-03,0.013433621577093359,False,minvar_baseline_corrected
2022-02-01,0.00635851460375082,False,minvar_baseline_corrected
2022-03-01,0.011116731731706103,False,minvar_baseline_corrected
2022-04-01,0.020592335518110905,False,minvar_baseline_corrected
2022-05-02,0.008530065010145475,False,minvar_baseline_corrected
2022-06-01,0.017281837969320285,False,minvar_baseline_corrected
2022-07-01,0.007922865070210528,False,minvar_baseline_corrected
2022-08-01,0.03147301434946577,False,minvar_baseline_corrected
2022-09-01,0.0034886190667839903,False,minvar_baseline_corrected
2022-10-03,0.014229822605074317,False,minvar_baseline_corrected
2022-11-01,0.03309352374522602,False,minvar_baseline_corrected
2022-12-01,0.004434113975211193,False,minvar_baseline_corrected
2023-01-02,0.016190083376288945,False,minvar_baseline_corrected
2023-02-01,0.003500724513010948,False,minvar_baseline_corrected
2023-03-01,0.005695718185122278,False,minvar_baseline_corrected
2023-04-03,0.007755367257258386,False,minvar_baseline_corrected
2023-05-01,0.005337121880728815,False,minvar_baseline_corrected
2023-06-01,0.02110235413599365,False,minvar_baseline_corrected
2023-07-03,0.01268559707348276,False,minvar_baseline_corrected
2023-08-01,0.009676359644445211,False,minvar_baseline_corrected
2023-09-01,0.0050380784884039975,False,minvar_baseline_corrected
2023-10-02,0.007125085702925041,False,minvar_baseline_corrected
2023-11-01,0.06490217198827508,False,minvar_baseline_corrected
2023-12-01,0.03144204395576551,False,minvar_baseline_corrected
2024-01-01,0.04793749692002681,False,minvar_baseline_corrected
2024-02-01,0.025182706189135977,False,minvar_baseline_corrected
2024-03-01,0.02071443027877981,False,minvar_baseline_corrected
2024-04-01,0.024216106509552863,False,minvar_baseline_corrected
2024-05-01,0.04723712951945762,False,minvar_baseline_corrected
2024-06-03,0.013725301294253117,False,minvar_baseline_corrected
2024-07-01,0.016308744022958156,False,minvar_baseline_corrected
2024-08-01,0.034556309822138975,False,minvar_baseline_corrected
2024-09-02,0.03670662068741356,False,minvar_baseline_corrected
2024-10-01,0.05913704673687209,False,minvar_baseline_corrected
2024-11-01,0.08331294221218673,False,minvar_baseline_corrected
2024-12-02,0.019072310514905023,False,minvar_baseline_corrected
2025-01-01,0.011064965356643851,False,minvar_baseline_corrected
2025-02-03,0.014803974364608202,False,minvar_baseline_corrected
2025-03-03,0.01961840265146706,False,minvar_baseline_corrected
2025-04-01,0.026590045466815322,False,minvar_baseline_corrected
2025-05-01,0.049447929218604816,False,minvar_baseline_corrected
2025-06-02,0.02713382394855396,False,minvar_baseline_corrected
2025-07-01,0.007423914784891461,False,minvar_baseline_corrected
2025-08-01,0.007247854134598397,False,minvar_baseline_corrected
2025-09-01,0.00996280814569841,False,minvar_baseline_corrected
2025-10-01,0.017391051161728288,False,minvar_baseline_corrected
2025-11-03,0.03358676778055415,False,minvar_baseline_corrected
2025-12-01,0.013529766148400972,False,minvar_baseline_corrected
2026-01-01,0.01910960560107087,False,minvar_baseline_corrected
2026-02-02,0.06472235476376512,False,minvar_baseline_corrected
2026-03-02,0.05872079059806236,False,minvar_baseline_corrected
2026-04-01,0.1002436278926977,False,minvar_baseline_corrected
2026-05-01,0.04307876863295498,False,minvar_baseline_corrected
2019-01-01,0.0,True,minvar_no_crypto_control
2019-02-01,0.015809770088702747,False,minvar_no_crypto_control
2019-03-01,0.009429479633783263,False,minvar_no_crypto_control
2019-04-01,0.014154327604825573,False,minvar_no_crypto_control
2019-05-01,0.006232767066415375,False,minvar_no_crypto_control
2019-06-03,0.021811867683423095,False,minvar_no_crypto_control
2019-07-01,0.014329331205791622,False,minvar_no_crypto_control
2019-08-01,0.00295608463391564,False,minvar_no_crypto_control
2019-09-02,0.037581359876983945,False,minvar_no_crypto_control
2019-10-01,0.0192246423893404,False,minvar_no_crypto_control
2019-11-01,0.014122395555442148,False,minvar_no_crypto_control
2019-12-02,0.025536048962403624,False,minvar_no_crypto_control
2020-01-01,0.0698083205908433,False,minvar_no_crypto_control
2020-02-03,0.028915280672328236,False,minvar_no_crypto_control
2020-03-02,0.0540145378599647,False,minvar_no_crypto_control
2020-04-01,0.24110467596784013,False,minvar_no_crypto_control
2020-05-01,0.0797664074920334,False,minvar_no_crypto_control
2020-06-01,0.015456929988483201,False,minvar_no_crypto_control
2020-07-01,0.030534954639086676,False,minvar_no_crypto_control
2020-08-03,0.01651829056706738,False,minvar_no_crypto_control
2020-09-01,0.09183160272817686,False,minvar_no_crypto_control
2020-10-01,0.012929537737020599,False,minvar_no_crypto_control
2020-11-02,0.005703828513915436,False,minvar_no_crypto_control
2020-12-01,0.02626226406706874,False,minvar_no_crypto_control
2021-01-01,0.01481047010684049,False,minvar_no_crypto_control
2021-02-01,0.0052001170015349004,False,minvar_no_crypto_control
2021-03-01,0.019069629247999823,False,minvar_no_crypto_control
2021-04-01,0.04904914517441912,False,minvar_no_crypto_control
2021-05-03,0.0050475686481349135,False,minvar_no_crypto_control
2021-06-01,0.015051460038910098,False,minvar_no_crypto_control
2021-07-01,0.021963934810531417,False,minvar_no_crypto_control
2021-08-02,0.0027290063587017783,False,minvar_no_crypto_control
2021-09-01,0.006618194659082316,False,minvar_no_crypto_control
2021-10-01,0.003213726830050027,False,minvar_no_crypto_control
2021-11-01,0.010371116578711571,False,minvar_no_crypto_control
2021-12-01,0.008485992709143828,False,minvar_no_crypto_control
2022-01-03,0.013356288100648032,False,minvar_no_crypto_control
2022-02-01,0.006358514603750848,False,minvar_no_crypto_control
2022-03-01,0.011116731731706103,False,minvar_no_crypto_control
2022-04-01,0.020592335518110905,False,minvar_no_crypto_control
2022-05-02,0.008530065010145475,False,minvar_no_crypto_control
2022-06-01,0.017281837969320285,False,minvar_no_crypto_control
2022-07-01,0.007922865070210528,False,minvar_no_crypto_control
2022-08-01,0.03147301434946577,False,minvar_no_crypto_control
2022-09-01,0.0034886190667839903,False,minvar_no_crypto_control
2022-10-03,0.014229822605074317,False,minvar_no_crypto_control
2022-11-01,0.03309352374522602,False,minvar_no_crypto_control
2022-12-01,0.004434113975211193,False,minvar_no_crypto_control
2023-01-02,0.016190083376288973,False,minvar_no_crypto_control
2023-02-01,0.003500724513010948,False,minvar_no_crypto_control
2023-03-01,0.005695718185122278,False,minvar_no_crypto_control
2023-04-03,0.007755367257258413,False,minvar_no_crypto_control
2023-05-01,0.0053371218807288425,False,minvar_no_crypto_control
2023-06-01,0.02110235413599365,False,minvar_no_crypto_control
2023-07-03,0.01268559707348276,False,minvar_no_crypto_control
2023-08-01,0.009676359644445211,False,minvar_no_crypto_control
2023-09-01,0.0050380784884039975,False,minvar_no_crypto_control
2023-10-02,0.007125085702925041,False,minvar_no_crypto_control
2023-11-01,0.06409142981454036,False,minvar_no_crypto_control
2023-12-01,0.021683356598169,False,minvar_no_crypto_control
2024-01-01,0.048150887562879954,False,minvar_no_crypto_control
2024-02-01,0.014844279920432364,False,minvar_no_crypto_control
2024-03-01,0.013526153223255295,False,minvar_no_crypto_control
2024-04-01,0.01922381519551211,False,minvar_no_crypto_control
2024-05-01,0.04526845445909163,False,minvar_no_crypto_control
2024-06-03,0.008131363342495944,False,minvar_no_crypto_control
2024-07-01,0.01589151506382014,False,minvar_no_crypto_control
2024-08-01,0.03266615023759345,False,minvar_no_crypto_control
2024-09-02,0.03561019807378272,False,minvar_no_crypto_control
2024-10-01,0.057383601276442014,False,minvar_no_crypto_control
2024-11-01,0.0786904629139723,False,minvar_no_crypto_control
2024-12-02,0.016922734443274932,False,minvar_no_crypto_control
2025-01-01,0.008809373568882126,False,minvar_no_crypto_control
2025-02-03,0.01248791347255137,False,minvar_no_crypto_control
2025-03-03,0.01853909339921228,False,minvar_no_crypto_control
2025-04-01,0.02456710794399447,False,minvar_no_crypto_control
2025-05-01,0.047848732424827234,False,minvar_no_crypto_control
2025-06-02,0.024256011317321507,False,minvar_no_crypto_control
2025-07-01,0.006830272596202971,False,minvar_no_crypto_control
2025-08-01,0.007291407503786854,False,minvar_no_crypto_control
2025-09-01,0.008707975928520646,False,minvar_no_crypto_control
2025-10-01,0.01732424673607716,False,minvar_no_crypto_control
2025-11-03,0.025978181019744008,False,minvar_no_crypto_control
2025-12-01,0.012963888148260114,False,minvar_no_crypto_control
2026-01-01,0.018328984665042045,False,minvar_no_crypto_control
2026-02-02,0.06054476091069054,False,minvar_no_crypto_control
2026-03-02,0.05429207091461683,False,minvar_no_crypto_control
2026-04-01,0.1002436278926977,False,minvar_no_crypto_control
2026-05-01,0.04307876863295498,False,minvar_no_crypto_control
2019-01-01,0.0,True,minvar_dynamic_crypto_cap_naive_vol
2019-02-01,0.017239902497592732,False,minvar_dynamic_crypto_cap_naive_vol
2019-03-01,0.009774552245877238,False,minvar_dynamic_crypto_cap_naive_vol
2019-04-01,0.016972178950554626,False,minvar_dynamic_crypto_cap_naive_vol
2019-05-01,0.013687831870597321,False,minvar_dynamic_crypto_cap_naive_vol
2019-06-03,0.022578431278067287,False,minvar_dynamic_crypto_cap_naive_vol
2019-07-01,0.014972096294060464,False,minvar_dynamic_crypto_cap_naive_vol
2019-08-01,0.005407300325002057,False,minvar_dynamic_crypto_cap_naive_vol
2019-09-02,0.038879853191315344,False,minvar_dynamic_crypto_cap_naive_vol
2019-10-01,0.01941515616849313,False,minvar_dynamic_crypto_cap_naive_vol
2019-11-01,0.014402062908502157,False,minvar_dynamic_crypto_cap_naive_vol
2019-12-02,0.028387778660842605,False,minvar_dynamic_crypto_cap_naive_vol
2020-01-01,0.07417011611037741,False,minvar_dynamic_crypto_cap_naive_vol
2020-02-03,0.0295015779851777,False,minvar_dynamic_crypto_cap_naive_vol
2020-03-02,0.054779311176414505,False,minvar_dynamic_crypto_cap_naive_vol
2020-04-01,0.24326065693740473,False,minvar_dynamic_crypto_cap_naive_vol
2020-05-01,0.0797664074920334,False,minvar_dynamic_crypto_cap_naive_vol
2020-06-01,0.015456929988483201,False,minvar_dynamic_crypto_cap_naive_vol
2020-07-01,0.030534954639086676,False,minvar_dynamic_crypto_cap_naive_vol
2020-08-03,0.01651829056706738,False,minvar_dynamic_crypto_cap_naive_vol
2020-09-01,0.09183160272817686,False,minvar_dynamic_crypto_cap_naive_vol
2020-10-01,0.012929537737020599,False,minvar_dynamic_crypto_cap_naive_vol
2020-11-02,0.005703828513915436,False,minvar_dynamic_crypto_cap_naive_vol
2020-12-01,0.02626226406706874,False,minvar_dynamic_crypto_cap_naive_vol
2021-01-01,0.01481047010684049,False,minvar_dynamic_crypto_cap_naive_vol
2021-02-01,0.0052001170015349004,False,minvar_dynamic_crypto_cap_naive_vol
2021-03-01,0.019069629247999823,False,minvar_dynamic_crypto_cap_naive_vol
2021-04-01,0.04904914517441912,False,minvar_dynamic_crypto_cap_naive_vol
2021-05-03,0.0050475686481349135,False,minvar_dynamic_crypto_cap_naive_vol
2021-06-01,0.015051460038910098,False,minvar_dynamic_crypto_cap_naive_vol
2021-07-01,0.021963934810531417,False,minvar_dynamic_crypto_cap_naive_vol
2021-08-02,0.0027290063587017783,False,minvar_dynamic_crypto_cap_naive_vol
2021-09-01,0.007202668430581906,False,minvar_dynamic_crypto_cap_naive_vol
2021-10-01,0.004203550114470556,False,minvar_dynamic_crypto_cap_naive_vol
2021-11-01,0.010975975973293481,False,minvar_dynamic_crypto_cap_naive_vol
2021-12-01,0.009307680250824516,False,minvar_dynamic_crypto_cap_naive_vol
2022-01-03,0.013433621577093331,False,minvar_dynamic_crypto_cap_naive_vol
2022-02-01,0.006358514603750848,False,minvar_dynamic_crypto_cap_naive_vol
2022-03-01,0.011116731731706103,False,minvar_dynamic_crypto_cap_naive_vol
2022-04-01,0.020592335518110905,False,minvar_dynamic_crypto_cap_naive_vol
2022-05-02,0.008530065010145475,False,minvar_dynamic_crypto_cap_naive_vol
2022-06-01,0.017281837969320285,False,minvar_dynamic_crypto_cap_naive_vol
2022-07-01,0.007922865070210528,False,minvar_dynamic_crypto_cap_naive_vol
2022-08-01,0.03147301434946577,False,minvar_dynamic_crypto_cap_naive_vol
2022-09-01,0.0034886190667839903,False,minvar_dynamic_crypto_cap_naive_vol
2022-10-03,0.014229822605074317,False,minvar_dynamic_crypto_cap_naive_vol
2022-11-01,0.03309352374522602,False,minvar_dynamic_crypto_cap_naive_vol
2022-12-01,0.004434113975211193,False,minvar_dynamic_crypto_cap_naive_vol
2023-01-02,0.016190083376288973,False,minvar_dynamic_crypto_cap_naive_vol
2023-02-01,0.003500724513010948,False,minvar_dynamic_crypto_cap_naive_vol
2023-03-01,0.005695718185122278,False,minvar_dynamic_crypto_cap_naive_vol
2023-04-03,0.007755367257258413,False,minvar_dynamic_crypto_cap_naive_vol
2023-05-01,0.0053371218807288425,False,minvar_dynamic_crypto_cap_naive_vol
2023-06-01,0.02110235413599365,False,minvar_dynamic_crypto_cap_naive_vol
2023-07-03,0.01268559707348276,False,minvar_dynamic_crypto_cap_naive_vol
2023-08-01,0.009676359644445211,False,minvar_dynamic_crypto_cap_naive_vol
2023-09-01,0.0050380784884039975,False,minvar_dynamic_crypto_cap_naive_vol
2023-10-02,0.007125085702925041,False,minvar_dynamic_crypto_cap_naive_vol
2023-11-01,0.06490217198827508,False,minvar_dynamic_crypto_cap_naive_vol
2023-12-01,0.03144204395576544,False,minvar_dynamic_crypto_cap_naive_vol
2024-01-01,0.04793749692002681,False,minvar_dynamic_crypto_cap_naive_vol
2024-02-01,0.02518270618913598,False,minvar_dynamic_crypto_cap_naive_vol
2024-03-01,0.020714430278779786,False,minvar_dynamic_crypto_cap_naive_vol
2024-04-01,0.024216106509552866,False,minvar_dynamic_crypto_cap_naive_vol
2024-05-01,0.04723712951945762,False,minvar_dynamic_crypto_cap_naive_vol
2024-06-03,0.013725301294253135,False,minvar_dynamic_crypto_cap_naive_vol
2024-07-01,0.01630874402295813,False,minvar_dynamic_crypto_cap_naive_vol
2024-08-01,0.03455630982213899,False,minvar_dynamic_crypto_cap_naive_vol
2024-09-02,0.036706620687413566,False,minvar_dynamic_crypto_cap_naive_vol
2024-10-01,0.05913704673687209,False,minvar_dynamic_crypto_cap_naive_vol
2024-11-01,0.08331294221218677,False,minvar_dynamic_crypto_cap_naive_vol
2024-12-02,0.01907231051490505,False,minvar_dynamic_crypto_cap_naive_vol
2025-01-01,0.01246283403471688,False,minvar_dynamic_crypto_cap_naive_vol
2025-02-03,0.01248791347255137,False,minvar_dynamic_crypto_cap_naive_vol
2025-03-03,0.01961840265146706,False,minvar_dynamic_crypto_cap_naive_vol
2025-04-01,0.026590045466815322,False,minvar_dynamic_crypto_cap_naive_vol
2025-05-01,0.049447929218604844,False,minvar_dynamic_crypto_cap_naive_vol
2025-06-02,0.02713382394855396,False,minvar_dynamic_crypto_cap_naive_vol
2025-07-01,0.007423914784891461,False,minvar_dynamic_crypto_cap_naive_vol
2025-08-01,0.007247854134598397,False,minvar_dynamic_crypto_cap_naive_vol
2025-09-01,0.00996280814569841,False,minvar_dynamic_crypto_cap_naive_vol
2025-10-01,0.01739105116172832,False,minvar_dynamic_crypto_cap_naive_vol
2025-11-03,0.03358676778055415,False,minvar_dynamic_crypto_cap_naive_vol
2025-12-01,0.013529766148400972,False,minvar_dynamic_crypto_cap_naive_vol
2026-01-01,0.019109605601070896,False,minvar_dynamic_crypto_cap_naive_vol
2026-02-02,0.06472235476376516,False,minvar_dynamic_crypto_cap_naive_vol
2026-03-02,0.05872079059806233,False,minvar_dynamic_crypto_cap_naive_vol
2026-04-01,0.1002436278926977,False,minvar_dynamic_crypto_cap_naive_vol
2026-05-01,0.04307876863295498,False,minvar_dynamic_crypto_cap_naive_vol
2019-01-01,0.0,True,minvar_dynamic_crypto_cap_ml_vol
2019-02-01,0.017239902497592732,False,minvar_dynamic_crypto_cap_ml_vol
2019-03-01,0.009774552245877238,False,minvar_dynamic_crypto_cap_ml_vol
2019-04-01,0.016972178950554626,False,minvar_dynamic_crypto_cap_ml_vol
2019-05-01,0.013687831870597321,False,minvar_dynamic_crypto_cap_ml_vol
2019-06-03,0.022578431278067287,False,minvar_dynamic_crypto_cap_ml_vol
2019-07-01,0.014972096294060464,False,minvar_dynamic_crypto_cap_ml_vol
2019-08-01,0.005407300325002057,False,minvar_dynamic_crypto_cap_ml_vol
2019-09-02,0.038879853191315344,False,minvar_dynamic_crypto_cap_ml_vol
2019-10-01,0.01941515616849313,False,minvar_dynamic_crypto_cap_ml_vol
2019-11-01,0.014402062908502157,False,minvar_dynamic_crypto_cap_ml_vol
2019-12-02,0.028387778660842605,False,minvar_dynamic_crypto_cap_ml_vol
2020-01-01,0.07417011611037741,False,minvar_dynamic_crypto_cap_ml_vol
2020-02-03,0.0295015779851777,False,minvar_dynamic_crypto_cap_ml_vol
2020-03-02,0.054779311176414505,False,minvar_dynamic_crypto_cap_ml_vol
2020-04-01,0.24326065693740473,False,minvar_dynamic_crypto_cap_ml_vol
2020-05-01,0.0797664074920334,False,minvar_dynamic_crypto_cap_ml_vol
2020-06-01,0.015456929988483201,False,minvar_dynamic_crypto_cap_ml_vol
2020-07-01,0.030534954639086676,False,minvar_dynamic_crypto_cap_ml_vol
2020-08-03,0.01651829056706738,False,minvar_dynamic_crypto_cap_ml_vol
2020-09-01,0.09183160272817686,False,minvar_dynamic_crypto_cap_ml_vol
2020-10-01,0.012929537737020599,False,minvar_dynamic_crypto_cap_ml_vol
2020-11-02,0.005703828513915436,False,minvar_dynamic_crypto_cap_ml_vol
2020-12-01,0.02626226406706874,False,minvar_dynamic_crypto_cap_ml_vol
2021-01-01,0.01481047010684049,False,minvar_dynamic_crypto_cap_ml_vol
2021-02-01,0.0052001170015349004,False,minvar_dynamic_crypto_cap_ml_vol
2021-03-01,0.019069629247999823,False,minvar_dynamic_crypto_cap_ml_vol
2021-04-01,0.04904914517441912,False,minvar_dynamic_crypto_cap_ml_vol
2021-05-03,0.0050475686481349135,False,minvar_dynamic_crypto_cap_ml_vol
2021-06-01,0.015051460038910098,False,minvar_dynamic_crypto_cap_ml_vol
2021-07-01,0.021963934810531417,False,minvar_dynamic_crypto_cap_ml_vol
2021-08-02,0.0027290063587017783,False,minvar_dynamic_crypto_cap_ml_vol
2021-09-01,0.007202668430581906,False,minvar_dynamic_crypto_cap_ml_vol
2021-10-01,0.004203550114470556,False,minvar_dynamic_crypto_cap_ml_vol
2021-11-01,0.010975975973293481,False,minvar_dynamic_crypto_cap_ml_vol
2021-12-01,0.009307680250824516,False,minvar_dynamic_crypto_cap_ml_vol
2022-01-03,0.013433621577093331,False,minvar_dynamic_crypto_cap_ml_vol
2022-02-01,0.006358514603750848,False,minvar_dynamic_crypto_cap_ml_vol
2022-03-01,0.011116731731706103,False,minvar_dynamic_crypto_cap_ml_vol
2022-04-01,0.020592335518110905,False,minvar_dynamic_crypto_cap_ml_vol
2022-05-02,0.008530065010145475,False,minvar_dynamic_crypto_cap_ml_vol
2022-06-01,0.017281837969320285,False,minvar_dynamic_crypto_cap_ml_vol
2022-07-01,0.007922865070210528,False,minvar_dynamic_crypto_cap_ml_vol
2022-08-01,0.03147301434946577,False,minvar_dynamic_crypto_cap_ml_vol
2022-09-01,0.0034886190667839903,False,minvar_dynamic_crypto_cap_ml_vol
2022-10-03,0.014229822605074317,False,minvar_dynamic_crypto_cap_ml_vol
2022-11-01,0.03309352374522602,False,minvar_dynamic_crypto_cap_ml_vol
2022-12-01,0.004434113975211193,False,minvar_dynamic_crypto_cap_ml_vol
2023-01-02,0.016190083376288973,False,minvar_dynamic_crypto_cap_ml_vol
2023-02-01,0.003500724513010948,False,minvar_dynamic_crypto_cap_ml_vol
2023-03-01,0.005695718185122278,False,minvar_dynamic_crypto_cap_ml_vol
2023-04-03,0.007755367257258413,False,minvar_dynamic_crypto_cap_ml_vol
2023-05-01,0.0053371218807288425,False,minvar_dynamic_crypto_cap_ml_vol
2023-06-01,0.02110235413599365,False,minvar_dynamic_crypto_cap_ml_vol
2023-07-03,0.01268559707348276,False,minvar_dynamic_crypto_cap_ml_vol
2023-08-01,0.009676359644445211,False,minvar_dynamic_crypto_cap_ml_vol
2023-09-01,0.0050380784884039975,False,minvar_dynamic_crypto_cap_ml_vol
2023-10-02,0.007125085702925041,False,minvar_dynamic_crypto_cap_ml_vol
2023-11-01,0.06490217198827508,False,minvar_dynamic_crypto_cap_ml_vol
2023-12-01,0.03144204395576544,False,minvar_dynamic_crypto_cap_ml_vol
2024-01-01,0.04793749692002681,False,minvar_dynamic_crypto_cap_ml_vol
2024-02-01,0.02518270618913598,False,minvar_dynamic_crypto_cap_ml_vol
2024-03-01,0.020714430278779786,False,minvar_dynamic_crypto_cap_ml_vol
2024-04-01,0.024216106509552866,False,minvar_dynamic_crypto_cap_ml_vol
2024-05-01,0.04723712951945762,False,minvar_dynamic_crypto_cap_ml_vol
2024-06-03,0.013725301294253135,False,minvar_dynamic_crypto_cap_ml_vol
2024-07-01,0.01630874402295813,False,minvar_dynamic_crypto_cap_ml_vol
2024-08-01,0.03455630982213899,False,minvar_dynamic_crypto_cap_ml_vol
2024-09-02,0.036706620687413566,False,minvar_dynamic_crypto_cap_ml_vol
2024-10-01,0.05913704673687209,False,minvar_dynamic_crypto_cap_ml_vol
2024-11-01,0.08331294221218677,False,minvar_dynamic_crypto_cap_ml_vol
2024-12-02,0.01907231051490505,False,minvar_dynamic_crypto_cap_ml_vol
2025-01-01,0.01246283403471688,False,minvar_dynamic_crypto_cap_ml_vol
2025-02-03,0.01248791347255137,False,minvar_dynamic_crypto_cap_ml_vol
2025-03-03,0.01961840265146706,False,minvar_dynamic_crypto_cap_ml_vol
2025-04-01,0.026590045466815322,False,minvar_dynamic_crypto_cap_ml_vol
2025-05-01,0.049447929218604844,False,minvar_dynamic_crypto_cap_ml_vol
2025-06-02,0.02713382394855396,False,minvar_dynamic_crypto_cap_ml_vol
2025-07-01,0.007423914784891461,False,minvar_dynamic_crypto_cap_ml_vol
2025-08-01,0.007247854134598397,False,minvar_dynamic_crypto_cap_ml_vol
2025-09-01,0.00996280814569841,False,minvar_dynamic_crypto_cap_ml_vol
2025-10-01,0.01739105116172832,False,minvar_dynamic_crypto_cap_ml_vol
2025-11-03,0.03358676778055415,False,minvar_dynamic_crypto_cap_ml_vol
2025-12-01,0.013529766148400972,False,minvar_dynamic_crypto_cap_ml_vol
2026-01-01,0.019109605601070896,False,minvar_dynamic_crypto_cap_ml_vol
2026-02-02,0.06472235476376516,False,minvar_dynamic_crypto_cap_ml_vol
2026-03-02,0.05872079059806233,False,minvar_dynamic_crypto_cap_ml_vol
2026-04-01,0.1002436278926977,False,minvar_dynamic_crypto_cap_ml_vol
2026-05-01,0.04307876863295498,False,minvar_dynamic_crypto_cap_ml_vol
2019-01-01,0.0,True,minvar_dynamic_crypto_cap_stress_probability
2019-02-01,0.017239902497592732,False,minvar_dynamic_crypto_cap_stress_probability
2019-03-01,0.009774552245877238,False,minvar_dynamic_crypto_cap_stress_probability
2019-04-01,0.016972178950554626,False,minvar_dynamic_crypto_cap_stress_probability
2019-05-01,0.013687831870597321,False,minvar_dynamic_crypto_cap_stress_probability
2019-06-03,0.022578431278067287,False,minvar_dynamic_crypto_cap_stress_probability
2019-07-01,0.014972096294060464,False,minvar_dynamic_crypto_cap_stress_probability
2019-08-01,0.005407300325002057,False,minvar_dynamic_crypto_cap_stress_probability
2019-09-02,0.038879853191315344,False,minvar_dynamic_crypto_cap_stress_probability
2019-10-01,0.01941515616849313,False,minvar_dynamic_crypto_cap_stress_probability
2019-11-01,0.014402062908502157,False,minvar_dynamic_crypto_cap_stress_probability
2019-12-02,0.028387778660842605,False,minvar_dynamic_crypto_cap_stress_probability
2020-01-01,0.07417011611037741,False,minvar_dynamic_crypto_cap_stress_probability
2020-02-03,0.0295015779851777,False,minvar_dynamic_crypto_cap_stress_probability
2020-03-02,0.054779311176414505,False,minvar_dynamic_crypto_cap_stress_probability
2020-04-01,0.24326065693740473,False,minvar_dynamic_crypto_cap_stress_probability
2020-05-01,0.0797664074920334,False,minvar_dynamic_crypto_cap_stress_probability
2020-06-01,0.015456929988483201,False,minvar_dynamic_crypto_cap_stress_probability
2020-07-01,0.030534954639086676,False,minvar_dynamic_crypto_cap_stress_probability
2020-08-03,0.01651829056706738,False,minvar_dynamic_crypto_cap_stress_probability
2020-09-01,0.09183160272817686,False,minvar_dynamic_crypto_cap_stress_probability
2020-10-01,0.012929537737020599,False,minvar_dynamic_crypto_cap_stress_probability
2020-11-02,0.005703828513915436,False,minvar_dynamic_crypto_cap_stress_probability
2020-12-01,0.02626226406706874,False,minvar_dynamic_crypto_cap_stress_probability
2021-01-01,0.01481047010684049,False,minvar_dynamic_crypto_cap_stress_probability
2021-02-01,0.0052001170015349004,False,minvar_dynamic_crypto_cap_stress_probability
2021-03-01,0.019069629247999823,False,minvar_dynamic_crypto_cap_stress_probability
2021-04-01,0.04904914517441912,False,minvar_dynamic_crypto_cap_stress_probability
2021-05-03,0.0050475686481349135,False,minvar_dynamic_crypto_cap_stress_probability
2021-06-01,0.015051460038910098,False,minvar_dynamic_crypto_cap_stress_probability
2021-07-01,0.021963934810531417,False,minvar_dynamic_crypto_cap_stress_probability
2021-08-02,0.0027290063587017783,False,minvar_dynamic_crypto_cap_stress_probability
2021-09-01,0.007202668430581906,False,minvar_dynamic_crypto_cap_stress_probability
2021-10-01,0.004203550114470556,False,minvar_dynamic_crypto_cap_stress_probability
2021-11-01,0.010975975973293481,False,minvar_dynamic_crypto_cap_stress_probability
2021-12-01,0.009307680250824516,False,minvar_dynamic_crypto_cap_stress_probability
2022-01-03,0.013433621577093331,False,minvar_dynamic_crypto_cap_stress_probability
2022-02-01,0.006358514603750848,False,minvar_dynamic_crypto_cap_stress_probability
2022-03-01,0.011116731731706103,False,minvar_dynamic_crypto_cap_stress_probability
2022-04-01,0.020592335518110905,False,minvar_dynamic_crypto_cap_stress_probability
2022-05-02,0.09215450116934398,False,minvar_dynamic_crypto_cap_stress_probability
2022-06-01,0.08394066581509771,False,minvar_dynamic_crypto_cap_stress_probability
2022-07-01,0.09596201363707509,False,minvar_dynamic_crypto_cap_stress_probability
2022-08-01,0.07245880216903042,False,minvar_dynamic_crypto_cap_stress_probability
2022-09-01,0.10022494020500522,False,minvar_dynamic_crypto_cap_stress_probability
2022-10-03,0.015836618471659472,False,minvar_dynamic_crypto_cap_stress_probability
2022-11-01,0.07248026128842666,False,minvar_dynamic_crypto_cap_stress_probability
2022-12-01,0.004434113975211193,False,minvar_dynamic_crypto_cap_stress_probability
2023-01-02,0.03736722100254842,False,minvar_dynamic_crypto_cap_stress_probability
2023-02-01,0.05072590163439704,False,minvar_dynamic_crypto_cap_stress_probability
2023-03-01,0.10569571818512226,False,minvar_dynamic_crypto_cap_stress_probability
2023-04-03,0.10403607051013786,False,minvar_dynamic_crypto_cap_stress_probability
2023-05-01,0.0053371218807288425,False,minvar_dynamic_crypto_cap_stress_probability
2023-06-01,0.02110235413599365,False,minvar_dynamic_crypto_cap_stress_probability
2023-07-03,0.01268559707348276,False,minvar_dynamic_crypto_cap_stress_probability
2023-08-01,0.009676359644445211,False,minvar_dynamic_crypto_cap_stress_probability
2023-09-01,0.0050380784884039975,False,minvar_dynamic_crypto_cap_stress_probability
2023-10-02,0.10359434351417558,False,minvar_dynamic_crypto_cap_stress_probability
2023-11-01,0.1633132712162783,False,minvar_dynamic_crypto_cap_stress_probability
2023-12-01,0.03144204395576544,False,minvar_dynamic_crypto_cap_stress_probability
2024-01-01,0.04793749692002681,False,minvar_dynamic_crypto_cap_stress_probability
2024-02-01,0.02518270618913598,False,minvar_dynamic_crypto_cap_stress_probability
2024-03-01,0.020714430278779786,False,minvar_dynamic_crypto_cap_stress_probability
2024-04-01,0.024216106509552866,False,minvar_dynamic_crypto_cap_stress_probability
2024-05-01,0.04723712951945762,False,minvar_dynamic_crypto_cap_stress_probability
2024-06-03,0.013725301294253135,False,minvar_dynamic_crypto_cap_stress_probability
2024-07-01,0.01630874402295813,False,minvar_dynamic_crypto_cap_stress_probability
2024-08-01,0.03455630982213899,False,minvar_dynamic_crypto_cap_stress_probability
2024-09-02,0.036706620687413566,False,minvar_dynamic_crypto_cap_stress_probability
2024-10-01,0.05913704673687209,False,minvar_dynamic_crypto_cap_stress_probability
2024-11-01,0.08331294221218677,False,minvar_dynamic_crypto_cap_stress_probability
2024-12-02,0.01907231051490505,False,minvar_dynamic_crypto_cap_stress_probability
2025-01-01,0.11246283403471685,False,minvar_dynamic_crypto_cap_stress_probability
2025-02-03,0.09492526932775844,False,minvar_dynamic_crypto_cap_stress_probability
2025-03-03,0.01961840265146706,False,minvar_dynamic_crypto_cap_stress_probability
2025-04-01,0.026590045466815322,False,minvar_dynamic_crypto_cap_stress_probability
2025-05-01,0.049447929218604844,False,minvar_dynamic_crypto_cap_stress_probability
2025-06-02,0.02713382394855396,False,minvar_dynamic_crypto_cap_stress_probability
2025-07-01,0.007423914784891461,False,minvar_dynamic_crypto_cap_stress_probability
2025-08-01,0.007247854134598397,False,minvar_dynamic_crypto_cap_stress_probability
2025-09-01,0.00996280814569841,False,minvar_dynamic_crypto_cap_stress_probability
2025-10-01,0.01739105116172832,False,minvar_dynamic_crypto_cap_stress_probability
2025-11-03,0.03358676778055415,False,minvar_dynamic_crypto_cap_stress_probability
2025-12-01,0.013529766148400972,False,minvar_dynamic_crypto_cap_stress_probability
2026-01-01,0.019109605601070896,False,minvar_dynamic_crypto_cap_stress_probability
2026-02-02,0.06472235476376516,False,minvar_dynamic_crypto_cap_stress_probability
2026-03-02,0.05872079059806233,False,minvar_dynamic_crypto_cap_stress_probability
2026-04-01,0.11339004225654371,False,minvar_dynamic_crypto_cap_stress_probability
2026-05-01,0.10634669945325183,False,minvar_dynamic_crypto_cap_stress_probability
2019-01-01,0.0,True,minvar_combined_overlay
2019-02-01,0.017239902497592732,False,minvar_combined_overlay
2019-03-01,0.009774552245877238,False,minvar_combined_overlay
2019-04-01,0.016972178950554626,False,minvar_combined_overlay
2019-05-01,0.013687831870597321,False,minvar_combined_overlay
2019-06-03,0.022578431278067287,False,minvar_combined_overlay
2019-07-01,0.014972096294060464,False,minvar_combined_overlay
2019-08-01,0.005407300325002057,False,minvar_combined_overlay
2019-09-02,0.038879853191315344,False,minvar_combined_overlay
2019-10-01,0.01941515616849313,False,minvar_combined_overlay
2019-11-01,0.014402062908502157,False,minvar_combined_overlay
2019-12-02,0.028387778660842605,False,minvar_combined_overlay
2020-01-01,0.07417011611037741,False,minvar_combined_overlay
2020-02-03,0.0295015779851777,False,minvar_combined_overlay
2020-03-02,0.054779311176414505,False,minvar_combined_overlay
2020-04-01,0.24326065693740473,False,minvar_combined_overlay
2020-05-01,0.0797664074920334,False,minvar_combined_overlay
2020-06-01,0.015456929988483201,False,minvar_combined_overlay
2020-07-01,0.030534954639086676,False,minvar_combined_overlay
2020-08-03,0.01651829056706738,False,minvar_combined_overlay
2020-09-01,0.09183160272817686,False,minvar_combined_overlay
2020-10-01,0.012929537737020599,False,minvar_combined_overlay
2020-11-02,0.005703828513915436,False,minvar_combined_overlay
2020-12-01,0.02626226406706874,False,minvar_combined_overlay
2021-01-01,0.01481047010684049,False,minvar_combined_overlay
2021-02-01,0.0052001170015349004,False,minvar_combined_overlay
2021-03-01,0.019069629247999823,False,minvar_combined_overlay
2021-04-01,0.04904914517441912,False,minvar_combined_overlay
2021-05-03,0.0050475686481349135,False,minvar_combined_overlay
2021-06-01,0.015051460038910098,False,minvar_combined_overlay
2021-07-01,0.021963934810531417,False,minvar_combined_overlay
2021-08-02,0.0027290063587017783,False,minvar_combined_overlay
2021-09-01,0.007202668430581906,False,minvar_combined_overlay
2021-10-01,0.004203550114470556,False,minvar_combined_overlay
2021-11-01,0.010975975973293481,False,minvar_combined_overlay
2021-12-01,0.009307680250824516,False,minvar_combined_overlay
2022-01-03,0.013433621577093331,False,minvar_combined_overlay
2022-02-01,0.006358514603750848,False,minvar_combined_overlay
2022-03-01,0.011116731731706103,False,minvar_combined_overlay
2022-04-01,0.020592335518110905,False,minvar_combined_overlay
2022-05-02,0.09215450116934398,False,minvar_combined_overlay
2022-06-01,0.08394066581509771,False,minvar_combined_overlay
2022-07-01,0.09596201363707509,False,minvar_combined_overlay
2022-08-01,0.07245880216903042,False,minvar_combined_overlay
2022-09-01,0.10022494020500522,False,minvar_combined_overlay
2022-10-03,0.015836618471659472,False,minvar_combined_overlay
2022-11-01,0.07248026128842666,False,minvar_combined_overlay
2022-12-01,0.004434113975211193,False,minvar_combined_overlay
2023-01-02,0.03736722100254842,False,minvar_combined_overlay
2023-02-01,0.05072590163439704,False,minvar_combined_overlay
2023-03-01,0.10569571818512226,False,minvar_combined_overlay
2023-04-03,0.10403607051013786,False,minvar_combined_overlay
2023-05-01,0.0053371218807288425,False,minvar_combined_overlay
2023-06-01,0.02110235413599365,False,minvar_combined_overlay
2023-07-03,0.01268559707348276,False,minvar_combined_overlay
2023-08-01,0.009676359644445211,False,minvar_combined_overlay
2023-09-01,0.0050380784884039975,False,minvar_combined_overlay
2023-10-02,0.10359434351417558,False,minvar_combined_overlay
2023-11-01,0.1633132712162783,False,minvar_combined_overlay
2023-12-01,0.03144204395576544,False,minvar_combined_overlay
2024-01-01,0.04793749692002681,False,minvar_combined_overlay
2024-02-01,0.02518270618913598,False,minvar_combined_overlay
2024-03-01,0.020714430278779786,False,minvar_combined_overlay
2024-04-01,0.024216106509552866,False,minvar_combined_overlay
2024-05-01,0.04723712951945762,False,minvar_combined_overlay
2024-06-03,0.013725301294253135,False,minvar_combined_overlay
2024-07-01,0.01630874402295813,False,minvar_combined_overlay
2024-08-01,0.03455630982213899,False,minvar_combined_overlay
2024-09-02,0.036706620687413566,False,minvar_combined_overlay
2024-10-01,0.05913704673687209,False,minvar_combined_overlay
2024-11-01,0.08331294221218677,False,minvar_combined_overlay
2024-12-02,0.01907231051490505,False,minvar_combined_overlay
2025-01-01,0.11246283403471685,False,minvar_combined_overlay
2025-02-03,0.09492526932775844,False,minvar_combined_overlay
2025-03-03,0.01961840265146706,False,minvar_combined_overlay
2025-04-01,0.026590045466815322,False,minvar_combined_overlay
2025-05-01,0.049447929218604844,False,minvar_combined_overlay
2025-06-02,0.02713382394855396,False,minvar_combined_overlay
2025-07-01,0.007423914784891461,False,minvar_combined_overlay
2025-08-01,0.007247854134598397,False,minvar_combined_overlay
2025-09-01,0.00996280814569841,False,minvar_combined_overlay
2025-10-01,0.01739105116172832,False,minvar_combined_overlay
2025-11-03,0.03358676778055415,False,minvar_combined_overlay
2025-12-01,0.013529766148400972,False,minvar_combined_overlay
2026-01-01,0.019109605601070896,False,minvar_combined_overlay
2026-02-02,0.06472235476376516,False,minvar_combined_overlay
2026-03-02,0.05872079059806233,False,minvar_combined_overlay
2026-04-01,0.11339004225654371,False,minvar_combined_overlay
2026-05-01,0.10634669945325183,False,minvar_combined_overlay
